Tomas,Tomaitis,123456,ttttt@tttt.lt
Jonas,Jonaitis,654321,jjjjj@jjj.lt
Rokas,Rokaitis,987654,rrrrr@rrr.lt
Lukas,Lukaitis,123456,llll@lll.lt
Andrius,Andriaitis,654321,aaaa@aaa.lt
Mantas,Mantaitis,987654,mmmm@mmm.lt
Atas,Ataitis,123456,aaaa@aaa.lt
Ajus,Ajukas,456585,ajajaj@ajaj.lt
